key,label,gap_um,P_stack_W,dT_hotspot,dT_dieB,dT_die_die,dp_Pa
d30p150_inl_g175_m4,"d30/p150 µm, in-line, gap 175 µm",175.0,0.5,0.9292167245049465,0.5969022522916361,0.33231447221331045,1906.2440681892863
d30p150_inl_g175_m4,"d30/p150 µm, in-line, gap 175 µm",175.0,1.0,0.8648445592151388,0.5273130249841725,0.3375315342309663,2849.4764884428123
d30p150_inl_g175_m4,"d30/p150 µm, in-line, gap 175 µm",175.0,2.0,0.8190884176561287,0.4749503817027363,0.3441380359533924,4477.562119035129
d30p150_inl_g175_m4,"d30/p150 µm, in-line, gap 175 µm",175.0,5.0,,,,
d50p150_inl_g125_m4,"d50/p150 µm, in-line, gap 125 µm",125.0,0.5,0.8301529377294594,0.6409816904132424,0.18917124731621704,3096.9994887730645
d50p150_inl_g125_m4,"d50/p150 µm, in-line, gap 125 µm",125.0,1.0,0.7517956924436262,0.5561652066018581,0.19563048584176806,4198.816357706265
d50p150_inl_g125_m4,"d50/p150 µm, in-line, gap 125 µm",125.0,2.0,0.7005360609342106,0.4975139933966709,0.20302206753753965,7061.35306197675
d50p150_inl_g125_m4,"d50/p150 µm, in-line, gap 125 µm",125.0,5.0,0.6355824080871879,0.4226925902840716,0.21288981780311628,11027.86910598285
d50p150_inl_g175_m4,"d50/p150 µm, in-line, gap 175 µm",175.0,0.5,0.8146280893798004,0.6097886306830607,0.20483945869673964,2267.196611318853
d50p150_inl_g175_m4,"d50/p150 µm, in-line, gap 175 µm",175.0,1.0,0.751531224928109,0.5368221064230105,0.21470911850509844,3101.022113364288
d50p150_inl_g175_m4,"d50/p150 µm, in-line, gap 175 µm",175.0,2.0,0.7099885994355797,0.48552210598483053,0.2244664934507491,5224.57077366633
d50p150_inl_g175_m4,"d50/p150 µm, in-line, gap 175 µm",175.0,5.0,0.6601421771860818,0.4228035470651648,0.23733863012091697,8335.115303682716
d50p150_inl_g250_m4,"d50/p150 µm, in-line, gap 250 µm",250.0,0.5,0.8025022360036735,0.5796899678199784,0.22281226818369518,1754.20721450586
d50p150_inl_g250_m4,"d50/p150 µm, in-line, gap 250 µm",250.0,1.0,0.7530108018816843,0.5211963880675705,0.23181441381411383,2492.050659955437
d50p150_inl_g250_m4,"d50/p150 µm, in-line, gap 250 µm",250.0,2.0,0.7148852099612045,0.474392567977294,0.24049264198391052,4006.211828814414
d50p150_inl_g250_m4,"d50/p150 µm, in-line, gap 250 µm",250.0,5.0,0.6787590308471342,0.4272011675681454,0.2515578632789887,6982.716120408117
d50p150_stag_g125_m4,"d50/p150 µm, staggered, gap 125 µm",125.0,0.5,0.7789123751231464,0.5967646531956887,0.1821477219274575,3854.956750127205
d50p150_stag_g125_m4,"d50/p150 µm, staggered, gap 125 µm",125.0,1.0,0.7210799243173938,0.5261955304987879,0.1948843938186058,5801.957372259003
d50p150_stag_g125_m4,"d50/p150 µm, staggered, gap 125 µm",125.0,2.0,0.6661771672400946,0.4588958180955684,0.20728134914452606,8206.07733584575
d50p150_stag_g125_m4,"d50/p150 µm, staggered, gap 125 µm",125.0,5.0,0.6244382037371178,0.4043448945724925,0.2200933091646252,16195.879335573558
d50p150_stag_g175_m4,"d50/p150 µm, staggered, gap 175 µm",175.0,0.5,0.7723797143563119,0.5739960118946598,0.19838370246165213,2869.7944046728344
d50p150_stag_g175_m4,"d50/p150 µm, staggered, gap 175 µm",175.0,1.0,0.7276452144055552,0.5154792821828269,0.21216593222272812,4514.272179053787
d50p150_stag_g175_m4,"d50/p150 µm, staggered, gap 175 µm",175.0,2.0,0.6829107144547983,0.45696255247099415,0.2259481619838041,6158.749953434741
d50p150_stag_g175_m4,"d50/p150 µm, staggered, gap 175 µm",175.0,5.0,0.6465043927765832,0.4044236980035149,0.2420806947730682,12767.600495146427
d50p150_stag_g250_m4,"d50/p150 µm, staggered, gap 250 µm",250.0,0.5,0.8007503623613464,0.5699005221659733,0.23084984019537305,2055.286471150795
d50p150_stag_g250_m4,"d50/p150 µm, staggered, gap 250 µm",250.0,1.0,0.7639864445877986,0.5221262823515274,0.24186016223627124,3420.410668495847
d50p150_stag_g250_m4,"d50/p150 µm, staggered, gap 250 µm",250.0,2.0,0.7272225268142509,0.4743520425370815,0.2528704842771694,4785.534865840899
d50p150_stag_g250_m4,"d50/p150 µm, staggered, gap 250 µm",250.0,5.0,0.6940208274136038,0.4298594966342964,0.2641613307793074,9622.853366954801
d50p200_inl_g175_m4,"d50/p200 µm, in-line, gap 175 µm",175.0,0.5,0.8918742970336754,0.6276304845285378,0.2642438125051376,1906.5699582165855
d50p200_inl_g175_m4,"d50/p200 µm, in-line, gap 175 µm",175.0,1.0,0.8285526801791196,0.5571822326058679,0.27137044757325185,2856.468012874888
d50p200_inl_g175_m4,"d50/p200 µm, in-line, gap 175 µm",175.0,2.0,0.7845046532096633,0.5040250088826173,0.2804796443270461,4505.366496496202
d50p200_inl_g175_m4,"d50/p200 µm, in-line, gap 175 µm",175.0,5.0,,,,
d50p200_stag_g175_m4,"d50/p200 µm, staggered, gap 175 µm",175.0,0.5,0.8612274857877419,0.5813647122172794,0.27986277357046246,2322.32892498401
d50p200_stag_g175_m4,"d50/p200 µm, staggered, gap 175 µm",175.0,1.0,0.8025532414863594,0.5117443811875164,0.29080886029884295,3202.4649694229647
d50p200_stag_g175_m4,"d50/p200 µm, staggered, gap 175 µm",175.0,2.0,0.7634764462662491,0.4619674319986789,0.3015090142675702,5464.904380327318
d50p200_stag_g175_m4,"d50/p200 µm, staggered, gap 175 µm",175.0,5.0,0.7194527206306537,0.40389466027891335,0.3155580603517403,8994.078343384426
d50p300_inl_g175_m4,"d50/p300 µm, in-line, gap 175 µm",175.0,0.5,0.978539456274961,0.6222272953398094,0.35631216093515156,1637.1183115241079
d50p300_inl_g175_m4,"d50/p300 µm, in-line, gap 175 µm",175.0,1.0,0.9162950441806771,0.5560399209585319,0.36025512322214504,2655.078695872207
d50p300_inl_g175_m4,"d50/p300 µm, in-line, gap 175 µm",175.0,2.0,0.8633311607307501,0.49757862435423733,0.3657525363765127,3892.230147152046
d50p300_inl_g175_m4,"d50/p300 µm, in-line, gap 175 µm",175.0,5.0,,,,
d75p150_inl_g125_m4,"d75/p150 µm, in-line, gap 125 µm",125.0,0.5,0.8018984006811718,0.6770300401289686,0.12486836055220314,3787.0809728723334
d75p150_inl_g125_m4,"d75/p150 µm, in-line, gap 125 µm",125.0,1.0,0.7289687827018272,0.5971794619617867,0.13178932074004046,5612.225391912967
d75p150_inl_g125_m4,"d75/p150 µm, in-line, gap 125 µm",125.0,2.0,0.6622461877161984,0.5229571743275215,0.13928901338867683,8147.425819946655
d75p150_inl_g125_m4,"d75/p150 µm, in-line, gap 125 µm",125.0,5.0,0.6061057206598831,0.4539132449635458,0.15219247569633723,15166.530313570553
d75p150_inl_g175_m4,"d75/p150 µm, in-line, gap 175 µm",175.0,0.5,0.7382405719289248,0.6210008085860124,0.11723976334291243,2854.0316840949345
d75p150_inl_g175_m4,"d75/p150 µm, in-line, gap 175 µm",175.0,1.0,0.6834470381899859,0.5534844439418145,0.12996259424817133,4496.217752306471
d75p150_inl_g175_m4,"d75/p150 µm, in-line, gap 175 µm",175.0,2.0,0.628653504451047,0.48596807929761676,0.14268542515343025,6138.403820518007
d75p150_inl_g175_m4,"d75/p150 µm, in-line, gap 175 µm",175.0,5.0,0.5833533094008891,0.4204432233639517,0.16291008603693746,12474.905005671848
d75p150_inl_g250_m4,"d75/p150 µm, in-line, gap 250 µm",250.0,0.5,,,,
d75p150_inl_g250_m4,"d75/p150 µm, in-line, gap 250 µm",250.0,1.0,0.641138263821002,0.5095870127039709,0.13155125111703114,3578.0181575531424
d75p150_inl_g250_m4,"d75/p150 µm, in-line, gap 250 µm",250.0,2.0,0.6013845245228576,0.45675174737077207,0.1446327771520855,5122.014292465051
d75p150_inl_g250_m4,"d75/p150 µm, in-line, gap 250 µm",250.0,5.0,0.5631641092537679,0.4042765670001814,0.15888754225358645,9872.296506437026
d75p150_stag_g175_m4,"d75/p150 µm, staggered, gap 175 µm",175.0,0.5,,,,
d75p150_stag_g175_m4,"d75/p150 µm, staggered, gap 175 µm",175.0,1.0,0.657246524431165,0.5301582668930532,0.12708825753811184,5905.7581952247765
d75p150_stag_g175_m4,"d75/p150 µm, staggered, gap 175 µm",175.0,2.0,0.6215213914082479,0.4796905866369818,0.14183080477126608,9635.394983427319
d75p150_stag_g175_m4,"d75/p150 µm, staggered, gap 175 µm",175.0,5.0,0.5742953343716655,0.41297594222268874,0.16131939214897664,14565.706637477728
empty_g125_m4,"No pillar, gap 125 µm",125.0,0.5,1.0934512609924185,0.5331386720922316,0.560312588900187,2089.7038465147334
empty_g125_m4,"No pillar, gap 125 µm",125.0,1.0,1.0045356906601257,0.4713910466325847,0.5331446440275409,3335.0554752003063
empty_g125_m4,"No pillar, gap 125 µm",125.0,2.0,0.9178119543799552,0.4107335285652892,0.507078425814666,4626.5598842305535
empty_g125_m4,"No pillar, gap 125 µm",125.0,5.0,,,,
empty_g175_m4,"No pillar, gap 175 µm",175.0,0.5,1.138488479625297,0.5605824211777266,0.5779060584475703,1435.166057871773
empty_g175_m4,"No pillar, gap 175 µm",175.0,1.0,1.0409873922419368,0.4935318691320142,0.5474555231099226,2283.3022918305883
empty_g175_m4,"No pillar, gap 175 µm",175.0,2.0,0.9434863048585767,0.42648131708630177,0.5170049877722749,3131.438525789403
empty_g175_m4,"No pillar, gap 175 µm",175.0,5.0,,,,
empty_g250_m4,"No pillar, gap 250 µm",250.0,0.5,1.1651667328740702,0.5595893190878184,0.6055774137862517,973.0434192251129
empty_g250_m4,"No pillar, gap 250 µm",250.0,1.0,1.0850212374192505,0.4973551275414621,0.5876661098777883,1475.6601328899528
empty_g250_m4,"No pillar, gap 250 µm",250.0,2.0,,,,
empty_g250_m4,"No pillar, gap 250 µm",250.0,5.0,,,,
