case_id,status,design,arrangement,gap_um,pillar_diameter_um,pillar_pitch_um,n_pillars,velocity_m_s,Re_Dh,mesh_resolution,hotspot_flux_W_cm2,segment_power_W,T_hotspot_C,Tmax_dieA_C,Tavg_dieA_C,Tmax_dieB_C,Tavg_dieB_C,dT_die_die_max_C,dT_die_die_avg_C,dp_Pa,flow_rate_mL_min,pumping_power_W,iterations,converged,cells,error,dT_hot,dT_B,P_stack_W,key,label
empty_g175_v1_m4,OK,empty,none,175.0,0.0,,0,1.0,392.1,4,50.0,0.0939049586776859,26.1564,26.1564,25.79043125,25.5729,25.4809,0.5835000000000008,0.3095312499999991,1279.358468,12.599999999999998,0.0002686652782799,39,True,154624,,1.1564000000000014,0.5729000000000006,0.4402192528482112,empty_g175_m4,"No pillar, gap 175 µm"
d50p150_stag_g175_v1_m4,OK,d50p150_stag,staggered,175.0,50.0,150.0,68,1.0,392.1,4,50.0,0.0939049586776859,25.6769,25.6769,25.421465625,25.4491,25.3735,0.2277999999999984,0.0479656249999962,6379.708863,12.599999999999998,0.00133973886123,110,True,77715,,0.6768999999999998,0.4491000000000014,2.1952179465779063,d50p150_stag_g175_m4,"d50/p150 µm, staggered, gap 175 µm"
empty_g175_v0p5_m4,OK,empty,none,175.0,0.0,,0,0.5,196.0,4,50.0,0.0939049586776859,26.4477,26.4477,26.059678125,25.7557,25.6439,0.6920000000000002,0.4157781249999992,540.926501,6.299999999999999,5.6797282605e-05,39,True,154624,,1.447700000000001,0.7557000000000009,0.0930647141017343,empty_g175_m4,"No pillar, gap 175 µm"
empty_g175_v2_m4,OK,empty,none,175.0,0.0,,0,2.0,784.2,4,50.0,0.0939049586776859,25.9265,25.9265,25.580275,25.4148,25.3546,0.5117000000000012,0.2256749999999989,3279.19791,25.2,0.0013772631221999,39,True,154624,,0.9265000000000008,0.4147999999999996,2.2567030116879616,empty_g175_m4,"No pillar, gap 175 µm"
d50p150_stag_g175_v0p5_m4,OK,d50p150_stag,staggered,175.0,50.0,150.0,68,0.5,196.0,4,50.0,0.0939049586776859,25.7931,25.7931,25.541428125,25.6011,25.49,0.1920000000000001,0.051428125000001,2108.099309,6.299999999999999,0.0002213504274449,110,True,77715,,0.793099999999999,0.6010999999999989,0.3626918983029455,d50p150_stag_g175_m4,"d50/p150 µm, staggered, gap 175 µm"
d50p150_stag_g175_v2_m4,OK,d50p150_stag,staggered,175.0,50.0,150.0,68,2.0,784.2,4,50.0,0.0939049586776859,25.6073,25.6073,25.34665,25.3468,25.3022,0.2604999999999968,0.0444499999999976,21006.732246,25.2,0.0088228275433199,110,True,77715,,0.6072999999999986,0.3468000000000018,14.45657054754396,d50p150_stag_g175_m4,"d50/p150 µm, staggered, gap 175 µm"
d50p150_stag_g175_v1_m5,OK,d50p150_stag,staggered,175.0,50.0,150.0,68,1.0,392.1,5,50.0,0.0939049586776859,25.6752,25.6752,25.418215625,25.4452,25.369,0.2300000000000004,0.0492156249999986,6359.917824,12.599999999999998,0.0013355827430399,110,True,139571,,0.6752000000000002,0.4451999999999998,2.1884079737518363,d50p150_stag_g175_m5,"d50/p150 µm, staggered, gap 175 µm"
empty_g175_v1_m5,OK,empty,none,175.0,0.0,,0,1.0,392.1,5,50.0,0.0939049586776859,26.1566,26.1566,25.787034375,25.5722,25.4777,0.5844000000000023,0.3093343750000024,1380.787562,12.599999999999998,0.0002899653880199,39,True,250688,,1.156600000000001,0.5721999999999987,0.4751203701617736,empty_g175_m5,"No pillar, gap 175 µm"
d30p150_inl_g175_v0p5_m4,OK,d30p150_inl,inline,175.0,30.0,150.0,64,0.5,196.0,4,50.0,0.0939049586776859,26.0507,26.0507,25.73428125,25.7258,25.602,0.3248999999999995,0.1322812499999983,929.494603,6.299999999999999,9.759693331499998e-05,103,True,101444,,1.050699999999999,0.7257999999999996,0.1599166417755156,d30p150_inl_g175_m4,"d30/p150 µm, in-line, gap 175 µm"
d30p150_inl_g175_v1_m4,OK,d30p150_inl,inline,175.0,30.0,150.0,64,1.0,392.1,4,50.0,0.0939049586776859,25.8803,25.8803,25.56826875,25.545,25.4503,0.3352999999999966,0.1179687499999992,2299.544169,12.599999999999998,0.0004829042754899,103,True,101444,,0.8802999999999983,0.5450000000000017,0.79125877640168,d30p150_inl_g175_m4,"d30/p150 µm, in-line, gap 175 µm"
d30p150_inl_g175_v2_m4,OK,d30p150_inl,inline,175.0,30.0,150.0,64,2.0,784.2,4,50.0,0.0939049586776859,25.7681,25.7681,25.456671875,25.4166,25.3514,0.3515000000000015,0.1052718749999996,6291.821523,25.2,0.0026425650396599,103,True,101444,,0.7681000000000004,0.4165999999999989,4.329952924359399,d30p150_inl_g175_m4,"d30/p150 µm, in-line, gap 175 µm"
d75p150_inl_g175_v0p5_m4,OK,d75p150_inl,inline,175.0,75.0,150.0,64,0.5,196.0,4,50.0,0.0939049586776859,25.7565,25.7565,25.5356875,25.6435,25.5147,0.1129999999999995,0.0209874999999968,2306.788673,6.299999999999999,0.0002422128106649,103,True,94180,,0.7564999999999991,0.6434999999999995,0.3968757824748831,d75p150_inl_g175_m4,"d75/p150 µm, in-line, gap 175 µm"
d75p150_inl_g175_v1_m4,OK,d75p150_inl,inline,175.0,75.0,150.0,64,1.0,392.1,4,50.0,0.0939049586776859,25.6217,25.6217,25.403625,25.4774,25.3828,0.1443000000000012,0.0208249999999985,6346.803377099999,12.599999999999998,0.0013328287091909,103,True,94180,,0.6217000000000006,0.4773999999999994,2.183895374538839,d75p150_inl_g175_m4,"d75/p150 µm, in-line, gap 175 µm"
d75p150_inl_g175_v2_m4,OK,d75p150_inl,inline,175.0,75.0,150.0,64,2.0,784.2,4,50.0,0.0939049586776859,25.5366,25.5366,25.3164125,25.351,25.2952,0.1856000000000008,0.0212124999999971,19946.45019,25.2,0.0083775090797999,103,True,94180,,0.5366,0.3509999999999991,13.72689769013046,d75p150_inl_g175_m4,"d75/p150 µm, in-line, gap 175 µm"
d50p200_inl_g175_v0p5_m4,OK,d50p200_inl,inline,175.0,50.0,200.0,36,0.5,196.0,4,50.0,0.0939049586776859,26.0131,26.0131,25.71438125,25.759,25.6288,0.2541000000000011,0.0855812500000041,920.990276,6.299999999999999,9.670397897999998e-05,75,True,77637,,1.0131000000000014,0.7590000000000003,0.1584534988911874,d50p200_inl_g175_m4,"d50/p200 µm, in-line, gap 175 µm"
d50p200_inl_g175_v1_m4,OK,d50p200_inl,inline,175.0,50.0,200.0,36,1.0,392.1,4,50.0,0.0939049586776859,25.8434,25.8434,25.550621875,25.5751,25.4718,0.2683,0.0788218749999991,2300.671878,12.599999999999998,0.0004831410943799,75,True,77637,,0.843399999999999,0.5750999999999991,0.7916468140203987,d50p200_inl_g175_m4,"d50/p200 µm, in-line, gap 175 µm"
d50p200_inl_g175_v2_m4,OK,d50p200_inl,inline,175.0,50.0,200.0,36,2.0,784.2,4,50.0,0.0939049586776859,25.7346,25.7346,25.443006250000003,25.4438,25.371,0.2908000000000008,0.0720062500000047,6373.502544,25.2,0.00267687106848,75,True,77637,,0.7346000000000004,0.4437999999999995,4.386164781999,d50p200_inl_g175_m4,"d50/p200 µm, in-line, gap 175 µm"
d50p300_inl_g175_v0p5_m4,OK,d50p300_inl,inline,175.0,50.0,300.0,16,0.5,196.0,4,50.0,0.0939049586776859,26.1529,26.1529,25.820053125,25.7965,25.6714,0.3563999999999971,0.1486531249999991,713.364572,6.299999999999999,7.490328005999998e-05,55,True,78333,,1.152899999999999,0.7965000000000018,0.1227321453483124,d50p300_inl_g175_m4,"d50/p300 µm, in-line, gap 175 µm"
d50p300_inl_g175_v1_m4,OK,d50p300_inl,inline,175.0,50.0,300.0,16,1.0,392.1,4,50.0,0.0939049586776859,25.9544,25.9544,25.629328125,25.5981,25.4977,0.3563000000000009,0.1316281249999988,1765.007985,12.599999999999998,0.0003706516768499,55,True,78333,,0.9543999999999996,0.5980999999999987,0.60732821633843,d50p300_inl_g175_m4,"d50/p300 µm, in-line, gap 175 µm"
d50p300_inl_g175_v2_m4,OK,d50p300_inl,inline,175.0,50.0,300.0,16,2.0,784.2,4,50.0,0.0939049586776859,25.8253,25.8253,25.50248125,25.4556,25.3857,0.3696999999999981,0.1167812499999989,4780.577123,25.2,0.0020078423916599,55,True,78333,,0.8252999999999986,0.4556000000000004,3.2899334188343987,d50p300_inl_g175_m4,"d50/p300 µm, in-line, gap 175 µm"
empty_g125_v0p5_m4,OK,empty,none,125.0,0.0,,0,0.5,140.0,4,50.0,0.0939049586776859,26.3537,26.3537,25.972278125000003,25.6999,25.5915,0.6538000000000004,0.3807781250000026,929.612089,4.5,6.972090667499999e-05,39,True,167032,,1.3537,0.6998999999999995,0.1142406106247656,empty_g125_m4,"No pillar, gap 125 µm"
empty_g125_v1_m4,OK,empty,none,125.0,0.0,,0,1.0,280.1,4,50.0,0.0939049586776859,26.0859,26.0859,25.726246875,25.5283,25.4421,0.5575999999999972,0.2841468749999976,2123.36455,9.0,0.0003185046824999,39,True,167032,,1.0858999999999988,0.5283000000000015,0.5218831933045237,empty_g125_m4,"No pillar, gap 125 µm"
empty_g125_v2_m4,OK,empty,none,125.0,0.0,,0,2.0,560.1,4,50.0,0.0939049586776859,25.8916,25.8916,25.5483875,25.3924,25.3351,0.4992000000000018,0.2132874999999998,5016.9127,18.0,0.0015050738099999,39,True,167032,,0.8916000000000004,0.3923999999999985,2.4661261490935864,empty_g125_m4,"No pillar, gap 125 µm"
d50p150_inl_g125_v0p5_m4,OK,d50p150_inl,inline,125.0,50.0,150.0,64,0.5,140.0,4,50.0,0.0939049586776859,25.922,25.922,25.64776875,25.7404,25.6085,0.1815999999999995,0.0392687499999979,1805.496167,4.5,0.000135412212525,103,True,112752,,0.9220000000000006,0.7404000000000011,0.2218785523977344,d50p150_inl_g125_m4,"d50/p150 µm, in-line, gap 125 µm"
d50p150_inl_g125_v1_m4,OK,d50p150_inl,inline,125.0,50.0,150.0,64,1.0,280.1,4,50.0,0.0939049586776859,25.7461,25.7461,25.483734375,25.55,25.4465,0.1960999999999977,0.037234374999997,4278.90608,9.0,0.0006418359119999,103,True,112752,,0.7460999999999984,0.5500000000000007,1.051674884974836,d50p150_inl_g125_m4,"d50/p150 µm, in-line, gap 125 µm"
d50p150_inl_g125_v2_m4,OK,d50p150_inl,inline,125.0,50.0,150.0,64,2.0,560.1,4,50.0,0.0939049586776859,25.6263,25.6263,25.371609375,25.412,25.3369,0.2143000000000015,0.034709375000002,11594.716681,18.0,0.0034784150043,103,True,112752,,0.6263000000000005,0.411999999999999,5.699527918504063,d50p150_inl_g125_m4,"d50/p150 µm, in-line, gap 125 µm"
empty_g250_v0p5_m4,OK,empty,none,250.0,0.0,,0,0.5,280.1,4,50.0,0.0939049586776859,26.5119,26.5119,26.126409375,25.7974,25.686,0.714500000000001,0.440409374999998,311.885535,9.0,4.678283025e-05,39,True,129392,,1.511900000000001,0.7973999999999997,0.0766556166492187,empty_g250_m4,"No pillar, gap 250 µm"
empty_g250_v1_m4,OK,empty,none,250.0,0.0,,0,1.0,560.1,4,50.0,0.0939049586776859,26.1948,26.1948,25.83051875,25.5826,25.5077,0.6122000000000014,0.3228187499999961,787.204212,18.0,0.0002361612636,39,True,129392,,1.1948000000000008,0.5825999999999993,0.38696007046125,empty_g250_m4,"No pillar, gap 250 µm"
empty_g250_v2_m4,OK,empty,none,250.0,0.0,,0,2.0,1120.2,4,50.0,0.0939049586776859,26.01,26.01,25.655068750000005,25.4391,25.4015,0.5709000000000017,0.2535687500000065,1946.14107,36.0,0.0011676846419999,39,True,129392,,1.0100000000000016,0.4390999999999998,1.9132999394435863,empty_g250_m4,"No pillar, gap 250 µm"
d50p150_inl_g250_v0p5_m4,OK,d50p150_inl,inline,250.0,50.0,150.0,64,0.5,280.1,4,50.0,0.0939049586776859,25.8504,25.8504,25.5874375,25.6363,25.5163,0.2141000000000019,0.0711374999999989,1040.123013,9.0,0.0001560184519499,103,True,55497,,0.8504000000000005,0.6362999999999985,0.2556427342887424,d50p150_inl_g250_m4,"d50/p150 µm, in-line, gap 250 µm"
d50p150_inl_g250_v1_m4,OK,d50p150_inl,inline,250.0,50.0,150.0,64,1.0,560.1,4,50.0,0.0939049586776859,25.7289,25.7289,25.46906875,25.4927,25.4042,0.2362000000000002,0.0648687499999987,2851.5067446,18.0,0.0008554520233799,103,True,55497,,0.7288999999999994,0.4926999999999992,1.401693784142274,d50p150_inl_g250_m4,"d50/p150 µm, in-line, gap 250 µm"
d50p150_inl_g250_v2_m4,OK,d50p150_inl,inline,250.0,50.0,150.0,64,2.0,1120.2,4,50.0,0.0939049586776859,25.6574,25.6574,25.399431250000003,25.3993,25.3393,0.2580999999999989,0.0601312500000013,8742.527109,36.0,0.0052455162654,103,True,55497,,0.6573999999999991,0.3993000000000002,8.594996964035627,d50p150_inl_g250_m4,"d50/p150 µm, in-line, gap 250 µm"
d50p200_stag_g175_v0p5_m4,OK,d50p200_stag,staggered,175.0,50.0,200.0,39,0.5,196.0,4,50.0,0.0939049586776859,25.935,25.935,25.647890624999995,25.6689,25.5605,0.266099999999998,0.087390624999994,1215.713073,6.299999999999999,0.0001276498726649,81,True,75164,,0.9349999999999988,0.6689000000000007,0.209159635106133,d50p200_stag_g175_m4,"d50/p200 µm, staggered, gap 175 µm"
d50p200_stag_g175_v1_m4,OK,d50p200_stag,staggered,175.0,50.0,200.0,39,1.0,392.1,4,50.0,0.0939049586776859,25.7892,25.7892,25.50075625,25.4959,25.4215,0.2933000000000021,0.0792562500000002,3402.768685,12.599999999999998,0.00071458142385,81,True,75164,,0.789200000000001,0.4958999999999989,1.1708714372042188,d50p200_stag_g175_m4,"d50/p200 µm, staggered, gap 175 µm"
d50p200_stag_g175_v2_m4,OK,d50p200_stag,staggered,175.0,50.0,200.0,39,2.0,784.2,4,50.0,0.0939049586776859,25.7024,25.7024,25.4095125,25.3814,25.3377,0.3210000000000015,0.0718124999999965,10361.11434,25.2,0.0043516680227999,81,True,75164,,0.7024000000000008,0.3813999999999993,7.130389374858587,d50p200_stag_g175_m4,"d50/p200 µm, staggered, gap 175 µm"
d50p150_inl_g175_v0p5_m4,OK,d50p150_inl,inline,175.0,50.0,150.0,64,0.5,196.0,4,50.0,0.0939049586776859,25.8884,25.8884,25.619534375,25.6951,25.5682,0.1933000000000007,0.0513343749999997,1292.3003,6.299999999999999,0.0001356915314999,103,True,76140,,0.8884000000000007,0.6951,0.2223362281763987,d50p150_inl_g175_m4,"d50/p150 µm, in-line, gap 175 µm"
d50p150_inl_g175_v1_m4,OK,d50p150_inl,inline,175.0,50.0,150.0,64,1.0,392.1,4,50.0,0.0939049586776859,25.742,25.742,25.476165625,25.5258,25.428,0.2162000000000006,0.0481656249999993,3226.977317,12.599999999999998,0.0006776652365699,103,True,76140,,0.7420000000000009,0.5258000000000003,1.110382726171305,d50p150_inl_g175_m4,"d50/p150 µm, in-line, gap 175 µm"
d50p150_inl_g175_v2_m4,OK,d50p150_inl,inline,175.0,50.0,150.0,64,2.0,784.2,4,50.0,0.0939049586776859,25.6479,25.6479,25.382471875,25.4074,25.3378,0.2405000000000008,0.0446718749999988,9099.058543,25.2,0.0038216045880599,103,True,76140,,0.6478999999999999,0.4073999999999991,6.261858351060649,d50p150_inl_g175_m4,"d50/p150 µm, in-line, gap 175 µm"
d75p150_stag_g175_v0p5_m4,OK,d75p150_stag,staggered,175.0,75.0,150.0,68,0.5,196.0,4,50.0,0.0939049586776859,25.672,25.672,25.46099375,25.551,25.4403,0.1210000000000022,0.0206937499999995,4365.523056,6.299999999999999,0.0004583799208799,110,True,78591,,0.6720000000000006,0.5509999999999984,0.7510745995250862,d75p150_stag_g175_m4,"d75/p150 µm, staggered, gap 175 µm"
d75p150_stag_g175_v1_m4,OK,d75p150_stag,staggered,175.0,75.0,150.0,68,1.0,392.1,4,50.0,0.0939049586776859,25.5741,25.5741,25.357403125,25.4127,25.338,0.1614000000000004,0.0194031249999966,14586.099179,12.599999999999998,0.0030630808275899,110,True,78591,,0.5741000000000014,0.4127000000000009,5.0189855643738674,d75p150_stag_g175_m4,"d75/p150 µm, staggered, gap 175 µm"
d75p150_stag_g175_v2_m4,OK,d75p150_stag,staggered,175.0,75.0,150.0,68,2.0,784.2,4,50.0,0.0939049586776859,25.5174,25.5174,25.295578124999995,25.3328,25.2781,0.1845999999999996,0.0174781249999966,51722.922845,25.2,0.0217236275948999,110,True,78591,,0.5173999999999985,0.3327999999999989,35.595068965393274,d75p150_stag_g175_m4,"d75/p150 µm, staggered, gap 175 µm"
d75p150_inl_g125_v0p5_m4,OK,d75p150_inl,inline,125.0,75.0,150.0,64,0.5,140.0,4,50.0,0.0939049586776859,25.8395,25.8395,25.601115625,25.7182,25.5845,0.1213000000000015,0.0166156250000035,2846.059327,4.5,0.0002134544495249,103,True,98581,,0.839500000000001,0.7181999999999995,0.3497540094819455,d75p150_inl_g125_m4,"d75/p150 µm, in-line, gap 125 µm"
d75p150_inl_g125_v1_m4,OK,d75p150_inl,inline,125.0,75.0,150.0,64,1.0,280.1,4,50.0,0.0939049586776859,25.6709,25.6709,25.4444875,25.5336,25.4283,0.1372999999999997,0.0161875000000009,7065.460958000001,9.0,0.0010598191437,103,True,98581,,0.6708999999999996,0.5335999999999999,1.7365578260834378,d75p150_inl_g125_m4,"d75/p150 µm, in-line, gap 125 µm"
d75p150_inl_g125_v2_m4,OK,d75p150_inl,inline,125.0,75.0,150.0,64,2.0,560.1,4,50.0,0.0939049586776859,25.563,25.563,25.341453125,25.4009,25.3266,0.1620999999999988,0.0148531249999983,20555.93253,18.0,0.006166779759,103,True,98581,,0.5629999999999988,0.4009,10.104525584278123,d75p150_inl_g125_m4,"d75/p150 µm, in-line, gap 125 µm"
d75p150_inl_g250_v0p5_m4,OK,d75p150_inl,inline,250.0,75.0,150.0,64,0.5,280.1,4,50.0,0.0939049586776859,25.6808,25.6808,25.467865625,25.5623,25.4389,0.1185000000000009,0.0289656249999978,2037.5953333,9.0,0.000305639299995,103,True,64099,,0.6808000000000014,0.5623000000000005,0.5008027280126407,d75p150_inl_g250_m4,"d75/p150 µm, in-line, gap 250 µm"
d75p150_inl_g250_v1_m4,OK,d75p150_inl,inline,250.0,75.0,150.0,64,1.0,560.1,4,50.0,0.0939049586776859,25.5793,25.5793,25.36668125,25.4274,25.3395,0.1519000000000012,0.0271812499999981,5979.7555039,18.0,0.0017939266511699,103,True,64099,,0.5792999999999999,0.4273999999999986,2.939423564885681,d75p150_inl_g250_m4,"d75/p150 µm, in-line, gap 250 µm"
d75p150_inl_g250_v2_m4,OK,d75p150_inl,inline,250.0,75.0,150.0,64,2.0,1120.2,4,50.0,0.0939049586776859,25.5218,25.5218,25.308715625,25.345,25.2833,0.1768,0.0254156249999972,19850.76586,36.0,0.011910459516,103,True,64099,,0.5217999999999989,0.3449999999999988,19.5157841861125,d75p150_inl_g250_m4,"d75/p150 µm, in-line, gap 250 µm"
d50p150_stag_g125_v0p5_m4,OK,d50p150_stag,staggered,125.0,50.0,150.0,68,0.5,140.0,4,50.0,0.0939049586776859,25.815,25.815,25.56136875,25.6408,25.522,0.1742000000000025,0.0393687500000012,2640.022451,4.5,0.0001980016838249,110,True,97212,,0.8150000000000013,0.6407999999999987,0.324434009017258,d50p150_stag_g125_m4,"d50/p150 µm, staggered, gap 125 µm"
d50p150_stag_g125_v1_m4,OK,d50p150_stag,staggered,125.0,50.0,150.0,68,1.0,280.1,4,50.0,0.0939049586776859,25.6697,25.6697,25.419968749999995,25.4635,25.3827,0.206199999999999,0.0372687499999955,7531.72575,9.0,0.0011297588625,110,True,97212,,0.6696999999999989,0.4634999999999998,1.851156969492188,d50p150_stag_g125_m4,"d50/p150 µm, staggered, gap 125 µm"
d50p150_stag_g125_v2_m4,OK,d50p150_stag,staggered,125.0,50.0,150.0,68,2.0,560.1,4,50.0,0.0939049586776859,25.5863,25.5863,25.33755625,25.3545,25.3026,0.2317999999999997,0.0349562499999969,23496.41272,18.0,0.007048923816,110,True,97212,,0.5863000000000014,0.3545000000000016,11.549955377675,d50p150_stag_g125_m4,"d50/p150 µm, staggered, gap 125 µm"
d50p150_stag_g250_v0p5_m4,OK,d50p150_stag,staggered,250.0,50.0,150.0,68,0.5,280.1,4,50.0,0.0939049586776859,25.8106,25.8106,25.554346875,25.5827,25.4777,0.2279000000000017,0.076646874999998,1689.548011,9.0,0.00025343220165,110,True,52803,,0.8106000000000009,0.5826999999999991,0.4152592220785938,d50p150_stag_g250_m4,"d50/p150 µm, staggered, gap 250 µm"
d50p150_stag_g250_v1_m4,OK,d50p150_stag,staggered,250.0,50.0,150.0,68,1.0,560.1,4,50.0,0.0939049586776859,25.7131,25.7131,25.45376875,25.456,25.3844,0.2571000000000012,0.0693687500000024,5309.934991,18.0,0.0015929804973,110,True,52803,,0.7131000000000007,0.4559999999999995,2.610164919013437,d50p150_stag_g250_m4,"d50/p150 µm, staggered, gap 250 µm"
d50p150_stag_g250_v2_m4,OK,d50p150_stag,staggered,250.0,50.0,150.0,68,2.0,1120.2,4,50.0,0.0939049586776859,25.6569,25.6569,25.39613125,25.379,25.3318,0.2778999999999989,0.0643312499999986,18014.155346,36.0,0.0108084932075999,110,True,52803,,0.6569000000000003,0.3790000000000013,17.710166474536088,d50p150_stag_g250_m4,"d50/p150 µm, staggered, gap 250 µm"
